<?xml version="1.0" encoding="UTF-8" standalone="yes"?>
<addon id="repository.RG-latino" name="RG-Latino official Repo" version="1.1.0" provider-name="RGlatino">
	<extension point="xbmc.addon.repository" name="RG-Latino official Repo">
		<info compressed="false">https://raw.githubusercontent.com/RRGA/RGlatino/master/addons.xml</info>
		<checksum>https://raw.githubusercontent.com/RRGA/RGlatino/master/addons.xml.md5</checksum>
		<datadir zip="true">https://raw.githubusercontent.com/RRGA/RGlatino/master</datadir>
	</extension>
	<extension point="xbmc.addon.metadata">
		<summary>RG-Latino official Repo</summary>
   		<description lang="en">Instala los Addons de RG Latino para que disfruten de los mejores addon.</description>
		<disclaimer></disclaimer>
		<platform>all</platform>
	</extension>
</addon>






